Match_Rank,Surname,US_Rank,US_Count,US_Per_100k,US_Percent,UK_Estimate_Percent,UK_Confidence,Match_Score,Pct_White,Pct_Hispanic,Pct_Black,Pct_Asian
1,HUSTON,2218,16435,5.57,0.00557%,0.00390%,MEDIUM,0.004160,86.98,2.56,7.56,0.52
2,RING,2226,16381,5.55,0.00555%,0.00388%,MEDIUM,0.004386,91.09,1.93,3.05,1.6
3,OROURKE,2213,16457,5.58,0.00558%,0.00391%,MEDIUM,0.005601,94.11,2.62,0.58,0.71
4,RIDER,2227,16352,5.54,0.00554%,0.00388%,MEDIUM,0.005766,89.38,2.22,3.82,0.72
5,PERDUE,2211,16464,5.58,0.00558%,0.00391%,MEDIUM,0.005999,80.5,1.98,14.49,0.39
6,REAGAN,2207,16491,5.59,0.00559%,0.00391%,MEDIUM,0.007397,92.05,2.55,2.5,0.68
7,ARNETT,2206,16499,5.59,0.00559%,0.00391%,MEDIUM,0.007678,85.56,2.22,8.7,0.63
8,ADAMSON,2205,16515,5.6,0.00560%,0.00392%,MEDIUM,0.008470,85.7,2.42,8.91,0.65
9,BURKHART,2204,16526,5.6,0.00560%,0.00392%,MEDIUM,0.008806,94.37,2.15,0.51,0.64
10,SCHILLING,2200,16546,5.61,0.00561%,0.00393%,MEDIUM,0.010076,94.77,2.3,0.32,0.68
11,HENNING,2199,16557,5.61,0.00561%,0.00393%,MEDIUM,0.010412,92.06,1.9,3.89,0.54
12,GIORDANO,2197,16569,5.62,0.00562%,0.00393%,MEDIUM,0.011266,93.3,4.46,0.54,0.47
13,ROSENTHAL,2194,16583,5.62,0.00562%,0.00393%,MEDIUM,0.011927,92.72,2.82,2.29,0.78
14,MARCUM,2244,16246,5.51,0.00551%,0.00386%,MEDIUM,0.012141,94.92,1.67,0.83,0.4
15,HONEYCUTT,2192,16587,5.62,0.00562%,0.00393%,MEDIUM,0.012270,90.91,1.73,4.41,0.39
16,BAER,2192,16587,5.62,0.00562%,0.00393%,MEDIUM,0.012270,94.82,2.26,0.58,0.83
17,JANSEN,2189,16596,5.63,0.00563%,0.00394%,MEDIUM,0.013204,93.56,2.35,0.87,1.02
18,GAGE,2187,16614,5.63,0.00563%,0.00394%,MEDIUM,0.013803,81.94,2.73,12.01,0.58
19,THAYER,2186,16625,5.64,0.00564%,0.00395%,MEDIUM,0.014503,93.07,2.17,0.91,0.81
20,STONER,2246,16204,5.49,0.00549%,0.00384%,MEDIUM,0.014608,91.13,1.97,4.38,0.48
21,MATTSON,2247,16203,5.49,0.00549%,0.00384%,MEDIUM,0.014761,94.11,2.1,0.37,0.86
22,CONROY,2184,16651,5.64,0.00564%,0.00395%,MEDIUM,0.015248,93.96,2.84,0.67,0.62
23,SCHULTE,2183,16658,5.65,0.00565%,0.00396%,MEDIUM,0.015876,95.88,1.99,0.19,0.61
24,ULRICH,2180,16668,5.65,0.00565%,0.00396%,MEDIUM,0.016464,95.12,2.38,0.43,0.58
25,KOHLER,2177,16686,5.66,0.00566%,0.00396%,MEDIUM,0.017562,94.73,2.48,0.26,0.7
26,DORAN,2174,16704,5.66,0.00566%,0.00396%,MEDIUM,0.018296,90.82,4.12,1.93,1.22
27,ALTMAN,2217,16448,5.58,0.00558%,0.00335%,MEDIUM,0.018847,92.21,2.59,2.98,0.66
28,MAGUIRE,2173,16713,5.67,0.00567%,0.00397%,MEDIUM,0.018960,95.26,2.08,0.48,0.69
29,SCHRADER,2171,16727,5.67,0.00567%,0.00397%,MEDIUM,0.019486,95.46,2.07,0.33,0.5
30,BRENNER,2255,16114,5.46,0.00546%,0.00382%,MEDIUM,0.019611,94.42,2.53,0.58,0.59
31,GERBER,2170,16732,5.67,0.00567%,0.00397%,MEDIUM,0.019712,94.92,2.58,0.31,0.65
32,LADD,2256,16112,5.46,0.00546%,0.00382%,MEDIUM,0.019783,87.67,2.35,6.75,0.79
33,WILLOUGHBY,2257,16111,5.46,0.00546%,0.00382%,MEDIUM,0.019936,82.55,2.08,11.94,0.56
34,GOLDSMITH,2229,16346,5.54,0.00554%,0.00332%,MEDIUM,0.019995,79.0,2.12,16.29,0.54
35,BAUM,2230,16334,5.54,0.00554%,0.00332%,MEDIUM,0.020350,93.82,2.18,1.67,0.72
36,NAYLOR,2169,16745,5.68,0.00568%,0.00398%,MEDIUM,0.020449,82.5,2.25,12.19,0.54
37,LIGHT,2164,16769,5.68,0.00568%,0.00398%,MEDIUM,0.021563,91.59,2.44,2.77,0.97
38,RADER,2233,16320,5.53,0.00553%,0.00332%,MEDIUM,0.021700,93.37,2.23,1.09,0.85
39,SHOOK,2262,16070,5.45,0.00545%,0.00381%,MEDIUM,0.022075,94.5,1.77,0.86,0.57
40,CRANDALL,2163,16781,5.69,0.00569%,0.00398%,MEDIUM,0.022282,92.72,2.06,2.61,0.63
41,FAUST,2263,16066,5.45,0.00545%,0.00381%,MEDIUM,0.022283,84.64,2.27,10.74,0.63
42,DELUCA,2263,16066,5.45,0.00545%,0.00381%,MEDIUM,0.022283,94.96,3.53,0.27,0.35
43,EASTMAN,2162,16791,5.69,0.00569%,0.00398%,MEDIUM,0.022599,88.31,2.6,4.65,0.7
44,COE,2157,16819,5.7,0.00570%,0.00399%,MEDIUM,0.024151,82.78,2.56,11.15,1.11
45,MCNALLY,2268,16039,5.44,0.00544%,0.00381%,MEDIUM,0.024166,93.7,2.61,1.38,0.69
46,ROONEY,2156,16823,5.7,0.00570%,0.00399%,MEDIUM,0.024359,93.71,2.53,1.56,0.66
47,SCHREIBER,2269,16034,5.44,0.00544%,0.00381%,MEDIUM,0.024392,95.75,2.13,0.25,0.52
48,BERMAN,2271,16025,5.43,0.00543%,0.00380%,MEDIUM,0.025541,94.12,2.65,0.98,0.97
49,GAUTHIER,2153,16852,5.71,0.00571%,0.00400%,MEDIUM,0.025658,87.87,2.9,5.93,0.5
50,SCHAEFFER,2272,16024,5.43,0.00543%,0.00380%,MEDIUM,0.025694,92.84,2.56,1.65,0.62
